genre, spectral_rolloff_mean, mfcc_1_mean, spectral_centroids, tempo
blues, 3805.7230301080335, 121.57067, 1784.1226412753101, 123.046875
blues, 3550.7136156830047, 123.98514, 1530.261766989378, 107.666015625
blues, 3042.4101154654873, 140.44087, 1552.8324814348227, 161.4990234375
blues, 2184.8790286035382, 150.0861, 1070.1534175250663, 172.265625
blues, 3579.9574708164155, 126.209496, 1835.1285127725687, 135.99917763157896
blues, 3481.4676306917054, 118.20316, 1832.0115969728529, 112.34714673913044
blues, 2795.910729498985, 130.27023, 1459.4696908114731, 123.046875
blues, 2955.3197165929523, 136.44833, 1451.8594137957502, 92.28515625
blues, 3782.441190998405, 122.49833, 1719.4633657271252, 83.35433467741936
blues, 3943.8319655416185, 115.16476, 1817.2305900912734, 129.19921875
blues, 2765.967419971723, 137.17355, 1410.0234234402553, 161.4990234375
blues, 2880.9110920279873, 124.010765, 1352.7427097237671, 161.4990234375
blues, 2738.8302548578886, 132.82741, 1360.6856016703396, 92.28515625
blues, 2711.4849187935033, 124.46475, 1324.5278252945684, 107.666015625
blues, 2344.9874700913574, 113.07102, 1171.967431930455, 151.99908088235293
blues, 2930.239280470563, 120.10219, 1420.4385714343975, 99.38401442307692
blues, 3010.010388721723, 120.66434, 1455.0726339660955, 103.359375
blues, 2135.41761075261, 140.48125, 1089.0053435041514, 161.4990234375
blues, 3495.331815998405, 104.94516, 1537.4913865266897, 83.35433467741936
blues, 2235.6144526718385, 138.4056, 1195.4981309471507, 123.046875
blues, 3006.1467358794953, 127.07773, 1390.3828142454302, 135.99917763157896
blues, 1831.2215641313805, 138.85434, 1046.775126610449, 99.38401442307692
blues, 2169.63258818518, 136.14453, 1155.869256708864, 99.38401442307692
blues, 2521.9827390878772, 137.76518, 1210.1413910383174, 95.703125
blues, 2324.212009226363, 130.40738, 1120.1665687071636, 103.359375
blues, 2243.3167778422276, 131.0003, 1109.3207630441668, 92.28515625
blues, 2478.8330644576567, 108.80131, 1198.8570176825062, 83.35433467741936
blues, 2811.740048578886, 130.32317, 1392.0263572927074, 95.703125
blues, 2290.6881593496228, 139.05774, 1115.5894796268246, 103.359375
blues, 3760.300128697796, 101.19028, 1648.8848322083286, 129.19921875
blues, 3015.6143507105567, 117.80414, 1379.0236797531356, 143.5546875
blues, 2898.630603338892, 110.8554, 1330.6062681557469, 151.99908088235293
blues, 2765.2346582257833, 105.90115, 1309.7746510229813, 123.046875
blues, 3246.1678418648494, 108.68233, 1430.602840242115, 151.99908088235293
blues, 3602.40662612384, 105.78522, 1537.076161948368, 129.19921875
blues, 3405.5518484447507, 120.28173, 1507.1579850499309, 129.19921875
blues, 2621.496780289298, 116.348595, 1247.5800479447862, 151.99908088235293
blues, 2339.8331573557134, 102.709816, 1188.4732078138645, 123.046875
blues, 3451.7991068191704, 111.157486, 1514.1569585845884, 129.19921875
blues, 2312.1797282845127, 111.53328, 1151.310495788512, 117.45383522727273
blues, 5108.157072487674, 90.71587, 2272.4696393575086, 117.45383522727273
blues, 5403.593285509716, 88.4929, 2390.421813618198, 129.19921875
blues, 5187.511838837732, 69.806015, 2301.5769168965485, 89.10290948275862
blues, 5011.532444079901, 100.61966, 2155.845202161907, 129.19921875
blues, 5198.686455463312, 86.928795, 2279.0311186490426, 135.99917763157896
blues, 4551.058301460992, 89.78384, 1739.118783072362, 129.19921875
blues, 4777.714832420968, 90.67421, 1913.013075046242, 123.046875
blues, 4848.792721777118, 93.663895, 2013.0124617688698, 151.99908088235293
blues, 4672.105545787413, 102.66919, 2148.129104035022, 123.046875
blues, 3046.5652076384863, 110.83974, 1318.6118508553823, 123.046875
blues, 4174.460398238109, 107.10441, 1945.2525228542231, 135.99917763157896
blues, 3943.357335774362, 114.9514, 1977.0957174136204, 99.38401442307692
blues, 3070.6131158461426, 117.62647, 1443.7501126322204, 151.99908088235293
blues, 4237.303044790458, 105.751114, 2171.3957422720478, 103.359375
blues, 4063.222169101653, 109.0066, 2030.617038436817, 92.28515625
blues, 4023.536459088602, 104.79962, 2031.9933849222396, 135.99917763157896
blues, 3927.985992785673, 102.850784, 1811.5485980815154, 161.4990234375
blues, 3828.2471269576567, 115.32343, 1886.957781353486, 92.28515625
blues, 4231.815658533933, 105.23433, 2068.3321715132806, 107.666015625
blues, 4389.459355967228, 91.95878, 2235.5723889220876, 107.666015625
blues, 3955.7143633990718, 111.7113, 1946.448570450021, 151.99908088235293
blues, 5077.364425482164, 94.164505, 2503.937744869009, 129.19921875
blues, 4732.98305856656, 95.732994, 2280.1541868844874, 112.34714673913044
blues, 5711.47812137471, 72.09806, 2839.8868647026125, 92.28515625
blues, 5148.284104915893, 88.807526, 2553.3610730069104, 151.99908088235293
blues, 5613.737696671984, 74.87531, 2816.3627737389425, 107.666015625
blues, 4972.721052059164, 97.43107, 2340.7341614757443, 161.4990234375
blues, 4754.616183747825, 101.38746, 2258.115149720309, 161.4990234375
blues, 5246.740637688515, 88.7261, 2513.3453575324424, 161.4990234375
blues, 5005.187393507105, 96.09719, 2371.3090530621967, 123.046875
blues, 4684.512534440255, 105.73889, 2159.398277499849, 143.5546875
blues, 5065.090666237674, 93.79924, 2429.004094087016, 143.5546875
blues, 5659.768457257831, 87.64562, 2594.754688044524, 103.359375
blues, 4482.603366081787, 103.738075, 2094.7777929276835, 99.38401442307692
blues, 5770.831822795823, 87.851326, 2515.4635686314255, 112.34714673913044
blues, 4700.258585139936, 92.72617, 2224.014584740541, 117.45383522727273
blues, 5612.422056264501, 74.45461, 2645.7246950388817, 117.45383522727273
blues, 4658.224706804669, 104.531006, 2207.1391896914824, 99.38401442307692
blues, 4942.777742531903, 101.26548, 2333.5524820822284, 123.046875
blues, 5267.915786778567, 92.929634, 2442.941257538624, 161.4990234375
classical, 2717.238763866734, 135.68166, 1505.3574604811247, 95.703125
classical, 2389.011462713892, 133.56267, 1361.006486221469, 117.45383522727273
classical, 2785.4189135912125, 141.11952, 1490.2748102133896, 99.38401442307692
classical, 2916.150270537268, 127.400604, 1526.6289318249862, 135.99917763157896
classical, 3175.8060605785963, 118.92715, 1705.7912691531124, 107.666015625
classical, 2836.06274244127, 138.1797, 1431.080146867151, 143.5546875
classical, 2737.930956351508, 134.5378, 1372.6940993686428, 103.359375
classical, 2668.2852831351506, 135.92358, 1358.9954445281364, 107.666015625
classical, 2974.3215609592517, 127.76223, 1516.848913603582, 135.99917763157896
classical, 2560.7691505945477, 139.79785, 1216.3713864035042, 129.19921875
classical, 2868.703947487674, 128.71162, 1497.5036380467259, 103.359375
classical, 1697.3176818989268, 177.20355, 950.1801498031009, 151.99908088235293
classical, 2154.8524506960557, 143.90761, 1180.5324896152028, 117.45383522727273
classical, 2598.6645904328598, 140.10466, 1388.1392656380106, 129.19921875
classical, 2389.161345798289, 147.81375, 1279.515451953795, 143.5546875
classical, 2619.5566270301624, 124.97929, 1371.4447396060193, 123.046875
classical, 1947.5391644612819, 154.85045, 1054.7328868522366, 99.38401442307692
classical, 2417.539209777407, 148.68465, 1358.6023759424481, 117.45383522727273
classical, 2181.9063474296695, 145.72554, 1157.8655406408502, 129.19921875
classical, 2290.6215446454466, 141.50447, 1185.144479134992, 123.046875
classical, 2294.676714762181, 161.12791, 1218.151449471981, 143.5546875
classical, 2570.2867264537413, 147.88019, 1371.3948853640532, 135.99917763157896
classical, 2237.3880691705335, 160.00061, 1211.4313268289068, 107.666015625
classical, 1853.1294749673723, 163.08134, 983.9717194937225, 117.45383522727273
classical, 2292.7698688551336, 163.25397, 1253.0323992049648, 151.99908088235293
classical, 2139.4394735172564, 173.31781, 1184.2726167313847, 129.19921875
classical, 2233.232976997535, 143.68849, 1278.5184062359622, 151.99908088235293
classical, 1456.4555652733468, 181.60039, 901.7378802312896, 129.19921875
classical, 2398.803824227813, 153.91904, 1314.399292126819, 151.99908088235293
classical, 2923.1947755039155, 130.24132, 1559.3040287466674, 135.99917763157896
classical, 2352.889639374275, 149.6681, 1243.6691621009466, 117.45383522727273
classical, 1434.531000761311, 172.43167, 822.6139611536199, 112.34714673913044
classical, 1207.4498010622099, 177.51414, 792.9088884169765, 123.046875
classical, 2165.7939158570184, 120.76844, 1128.3811387274027, 123.046875
classical, 2655.1038985462587, 138.65692, 1369.5923998136097, 123.046875
classical, 1823.9772150522042, 166.00253, 1016.2036312413031, 151.99908088235293
classical, 2441.9035378299013, 127.41256, 1282.3275301478, 123.046875
classical, 2837.7197832076567, 125.33516, 1533.6492784629645, 151.99908088235293
classical, 2378.020036524797, 146.32536, 1279.4808753417974, 112.34714673913044
classical, 3161.83362637761, 116.79858, 1633.5822989966382, 129.19921875
classical, 2652.764057062065, 129.07834, 1396.7128037657276, 112.34714673913044
classical, 2462.2959641458815, 124.2544, 1329.4563630678217, 123.046875
classical, 2171.396349985665, 164.26509, 1326.2905913173308, 99.38401442307692
classical, 1610.985025286398, 161.55922, 1063.396723083687, 123.046875
classical, 2033.66365012326, 153.97675, 1181.884073002171, 129.19921875
classical, 1903.8084622896636, 156.89876, 1176.9449938974453, 184.5703125
classical, 3633.3658098897913, 118.44306, 1878.4940039517187, 129.19921875
classical, 2083.7912150159514, 154.08043, 1174.3248424594703, 123.046875
classical, 2767.1079847547744, 148.59566, 1514.0972710756876, 143.5546875
classical, 4467.456319236165, 98.35551, 2224.8938399288413, 143.5546875
classical, 2360.475388812355, 151.49677, 1170.256219376788, 123.046875
classical, 3220.8305240784634, 119.15338, 1527.645526264714, 135.99917763157896
classical, 4993.363283515806, 86.64906, 2411.5244663469507, 161.4990234375
classical, 2740.2111359458554, 149.66736, 1462.3835644748758, 107.666015625
classical, 2820.988903306935, 127.27673, 1702.24789858299, 129.19921875
classical, 1764.6318404691126, 144.165, 1079.788869352158, 123.046875
classical, 3078.3259073893228, 129.04564, 1681.2723869009876, 112.34714673913044
classical, 3236.583651301479, 112.819145, 1751.5809593775805, 107.666015625
classical, 1821.3126268851508, 161.8574, 1137.8827996451196, 129.19921875
classical, 2841.008884226363, 137.38995, 1551.3608602773115, 117.45383522727273
classical, 3366.6405343677493, 122.12508, 1803.800200335076, 123.046875
classical, 2474.902796911253, 148.35321, 1322.7344268727697, 151.99908088235293
classical, 2809.8082221577724, 135.9327, 1474.7414794976396, 92.28515625
classical, 749.7401686666183, 180.18097, 690.5300405312647, 99.38401442307692
classical, 1875.6785523310614, 145.66858, 1118.450246121639, 117.45383522727273
classical, 1014.0839685143561, 172.78943, 829.0091477951953, 123.046875
classical, 1008.455026011456, 175.105, 795.5192461669669, 135.99917763157896
classical, 1992.7705485970127, 143.48242, 1117.675441354472, 143.5546875
classical, 2813.4220698593385, 130.26003, 1559.9200748058706, 161.4990234375
classical, 2443.7437690327724, 136.29433, 1349.5622465655813, 117.45383522727273
classical, 2522.165929524362, 134.57176, 1355.7633127675824, 151.99908088235293
classical, 2616.092662412993, 136.43422, 1397.3892884939066, 143.5546875
classical, 2477.151043177204, 138.97086, 1285.3702594238277, 117.45383522727273
classical, 2105.465974387326, 152.84921, 1211.8707246042645, 129.19921875
classical, 2568.9211250181265, 143.90283, 1360.1636476762342, 161.4990234375
classical, 2235.3896280452436, 138.53171, 1171.477078803794, 117.45383522727273
classical, 2523.0652280307427, 149.72977, 1340.8675515904304, 117.45383522727273
classical, 1236.4605047310035, 155.32089, 812.1207958821843, 161.4990234375
classical, 1038.6731211934455, 173.31636, 715.8536806386742, 135.99917763157896
classical, 1159.412272513051, 170.93153, 790.5070052979679, 107.666015625
country, 6221.38434516059, 70.25588, 2798.0656266251635, 161.4990234375
country, 6279.551664914443, 62.724636, 2938.1313051156862, 129.19921875
country, 5190.094610091744, 79.22588, 2308.811438098025, 161.4990234375
country, 4348.07370779315, 95.76648, 2174.1604935047117, 161.4990234375
country, 6349.4199392596265, 62.950428, 2966.1571589936843, 117.45383522727273
country, 6177.674360999856, 62.440266, 2926.5329167282443, 129.19921875
country, 6023.044502707776, 71.15687, 2807.9125120088343, 112.34714673913044
country, 6400.052966421972, 64.90752, 2898.787368032488, 103.359375
country, 5480.083979104424, 76.64637, 2505.851670781852, 129.19921875
country, 6926.771206325955, 58.997505, 3191.2596105890007, 123.046875
country, 3769.3680553037993, 106.49648, 1861.4546090166984, 123.046875
country, 6047.924011655307, 61.146397, 2839.25842945996, 112.34714673913044
country, 3439.733518525232, 123.921104, 1667.5169597765603, 89.10290948275862
country, 6061.51341130728, 77.6602, 2811.872177544087, 129.19921875
country, 6570.3581559962295, 72.49065, 2952.9885811173413, 135.99917763157896
country, 4208.1924190654, 111.75399, 1958.9864228599774, 151.99908088235293
country, 2880.8278236477668, 139.62177, 1426.0207482117, 107.666015625
country, 2967.8432809781034, 137.33298, 1470.2190431491572, 89.10290948275862
country, 4098.677845399507, 102.98625, 2068.869796587892, 86.1328125
country, 2118.197709723028, 163.07938, 1138.970375102019, 123.046875
country, 5212.450718713747, 74.76473, 2407.9531761672592, 103.359375
country, 1947.6307596795243, 167.1017, 1044.7200862613543, 107.666015625
country, 3449.9672024543215, 114.25745, 1719.4714520311265, 95.703125
country, 3053.293292760296, 110.67462, 1495.5580556268485, 83.35433467741936
country, 3424.7701905996228, 109.140465, 1738.8802794251512, 129.19921875
country, 3188.704332674739, 119.69184, 1565.155663257242, 143.5546875
country, 2498.1929628589037, 151.79347, 1270.301226914328, 107.666015625
country, 3907.7517763921114, 106.98421, 2011.7251476004385, 92.28515625
country, 2925.9676125652554, 132.78679, 1474.2739870616333, 89.10290948275862
country, 2274.3092689602668, 160.48726, 1214.2001323890852, 89.10290948275862
country, 2413.3841176044084, 128.25293, 1240.7101460307977, 161.4990234375
country, 4094.547733740574, 104.1242, 2053.1842219986365, 112.34714673913044
country, 4016.0006706786544, 97.7333, 1823.2405420958114, 99.38401442307692
country, 4914.87450832004, 78.98, 2456.7182165816203, 92.28515625
country, 5435.626631380511, 83.66914, 2614.3440997684415, 135.99917763157896
country, 4580.651883791328, 95.35442, 2321.8879492685483, 99.38401442307692
country, 3647.521434527262, 97.738594, 1827.8001725934416, 112.34714673913044
country, 4232.98974269504, 105.07096, 2068.662126290897, 99.38401442307692
country, 6246.1527176080335, 74.18071, 2860.0275833530027, 151.99908088235293
country, 7442.153116389936, 36.282784, 3760.408113053086, 123.046875
country, 5042.957930775087, 85.338524, 2449.7536777060777, 143.5546875
country, 5808.127730296549, 82.249146, 2634.223606489956, 129.19921875
country, 5391.869097574681, 84.11575, 2387.97203880899, 103.359375
country, 5070.286613163428, 85.44992, 2530.4998439482647, 135.99917763157896
country, 3359.5210878589037, 119.890144, 1729.7885870910534, 151.99908088235293
country, 5622.539164461282, 71.25142, 2777.4882405051285, 151.99908088235293
country, 3843.893255601073, 103.49357, 2109.417730689385, 151.99908088235293
country, 3556.0594456931553, 117.90447, 1784.0387310049896, 151.99908088235293
country, 4126.805904237964, 107.2436, 1939.8088633748253, 117.45383522727273
country, 3006.7296145410382, 134.77678, 1599.911202685332, 112.34714673913044
country, 3875.043956641531, 121.874374, 1780.2063536153103, 117.45383522727273
country, 3167.3210126341355, 121.91709, 1553.0252624967882, 129.19921875
country, 2347.685365610499, 138.86661, 1115.6797010252174, 112.34714673913044
country, 4957.865973027842, 100.969574, 2271.8519286411943, 89.10290948275862
country, 3907.9599473426624, 115.713554, 1654.409423776694, 75.99954044117646
country, 4111.442888087297, 122.53113, 1881.2205095617792, 129.19921875
country, 3212.660645664153, 123.44315, 1468.4574659783877, 129.19921875
country, 3791.309273491879, 121.520035, 1741.8884862826521, 135.99917763157896
country, 4165.017763921113, 120.435974, 1796.7119762329237, 112.34714673913044
country, 3510.478334360499, 120.51211, 1535.405936256092, 135.99917763157896
country, 3070.4965401138343, 130.10803, 1373.628372500732, 69.83741554054055
country, 3101.2558797672564, 135.86916, 1397.8552412349427, 123.046875
country, 4793.95216656395, 109.18758, 2166.6058738727033, 89.10290948275862
country, 3657.9216552167923, 118.49516, 1614.587918187712, 83.35433467741936
country, 3237.6494865683003, 128.37341, 1511.6824075794034, 135.99917763157896
country, 1639.8291921947505, 163.07423, 894.5392325301327, 123.046875
country, 3244.6606841828598, 135.68375, 1701.9620057889872, 112.34714673913044
country, 1446.105305611949, 167.03047, 858.1117097118614, 129.19921875
country, 2216.987316016531, 157.29971, 1131.0769030321612, 161.4990234375
country, 2755.833658098898, 136.18945, 1327.7101968688287, 112.34714673913044
country, 4048.308802204176, 117.57579, 1934.7410487910734, 112.34714673913044
country, 2422.3354684781034, 155.27069, 1261.4987366751002, 143.5546875
country, 3556.5090949463456, 131.92442, 1711.3330130756567, 151.99908088235293
country, 3289.384131199246, 132.4709, 1548.9063873637622, 151.99908088235293
country, 3117.7596727269433, 130.93799, 1534.0502232319084, 135.99917763157896
country, 4840.865571980134, 105.47954, 2187.1340254846773, 95.703125
country, 2589.8631226435614, 159.79948, 1321.6158527095802, 143.5546875
country, 2922.4536869199537, 152.95572, 1513.070955011675, 92.28515625
country, 2223.7570353284514, 150.1164, 1144.8885616291877, 129.19921875
country, 1754.931074173434, 180.33003, 963.6542370411191, 80.74951171875
disco, 4889.646293275712, 94.025856, 2298.1112240567795, 117.45383522727273
disco, 6522.435342111895, 51.860497, 3292.704549878069, 117.45383522727273
disco, 8074.817942466648, 57.173717, 3592.2181145867817, 112.34714673913044
disco, 6206.430158943966, 52.32051, 3045.783197240785, 129.19921875
disco, 7195.770306155742, 64.49134, 3328.4809117165955, 123.046875
disco, 5472.246935614224, 73.69842, 2722.8382056047735, 107.666015625
disco, 5506.662886546549, 65.19933, 2848.395241985928, 123.046875
disco, 6098.201459632395, 56.165604, 3099.082005849926, 129.19921875
disco, 5445.952622059036, 65.03629, 2801.719944106093, 123.046875
disco, 5955.0381335194315, 63.117622, 3016.9654959671584, 129.19921875
disco, 5865.166570747535, 61.12943, 2877.4074655436298, 107.666015625
disco, 6864.145655089907, 62.78868, 3132.9752097469195, 95.703125
disco, 5710.012308756511, 68.42821, 2737.358914673473, 112.34714673913044
disco, 7203.947261093387, 56.219803, 3391.3650850232443, 89.10290948275862
disco, 6530.043847051567, 61.220757, 3087.483970853388, 103.359375
disco, 5439.756743039443, 103.70078, 2362.4116318966007, 123.046875
disco, 5334.772696659483, 83.80528, 2520.434661747475, 123.046875
disco, 5388.221942521027, 92.406166, 2564.2888412274115, 123.046875
disco, 6837.516427095417, 71.74661, 3043.1123946763596, 123.046875
disco, 4198.641535854118, 109.33905, 2117.6008935704253, 117.45383522727273
disco, 4349.140806264501, 105.871155, 2116.937132007475, 161.4990234375
disco, 7422.743256960557, 70.42093, 3248.710113626103, 107.666015625
disco, 7808.475701493619, 46.87051, 3708.1110849955126, 123.046875
disco, 6730.133523963167, 60.0426, 3167.5553238891907, 112.34714673913044
disco, 5605.777239522912, 83.07227, 2624.814629146055, 129.19921875
disco, 5080.412048198231, 90.155014, 2410.17299144527, 123.046875
disco, 6612.500283225783, 66.35393, 3043.44261890053, 117.45383522727273
disco, 6348.173137054089, 60.623177, 2908.67464508436, 112.34714673913044
disco, 7728.130041418938, 53.692123, 3715.1863608882204, 123.046875
disco, 6847.716803672419, 68.86752, 3075.0244878578837, 103.359375
disco, 6935.539964290893, 63.94863, 3167.957019535548, 135.99917763157896
disco, 6681.488136238399, 58.33059, 3256.824592073175, 123.046875
disco, 4958.0408366263055, 86.98849, 2446.973203805007, 112.34714673913044
disco, 5023.3482272331785, 86.559784, 2450.056640885936, 129.19921875
disco, 7835.304773600638, 52.818348, 3653.6600399416443, 129.19921875
disco, 7702.866414860064, 55.671803, 3623.47282265526, 123.046875
disco, 7057.02020419446, 57.342735, 3347.8914159725437, 135.99917763157896
disco, 7770.988276718387, 52.05681, 3637.157091722293, 129.19921875
disco, 7042.789638014791, 52.192024, 3353.4041591983114, 123.046875
disco, 4866.670443010441, 91.06335, 2328.0941748431023, 112.34714673913044
disco, 5354.906263594838, 80.05325, 2606.2991274506444, 135.99917763157896
disco, 3874.369482761746, 116.833405, 1776.2078695953194, 161.4990234375
disco, 4900.7438641966355, 92.05891, 2403.5943006159314, 107.666015625
disco, 6020.828480731583, 77.844574, 2875.4360880726217, 129.19921875
disco, 4644.4354630401685, 97.73015, 2330.184617913994, 123.046875
disco, 4609.5460117278135, 106.47955, 2248.03051014649, 123.046875
disco, 4889.502632866879, 101.78744, 2259.6134225197134, 123.046875
disco, 3238.8652049195184, 120.81254, 1710.975033885531, 117.45383522727273
disco, 4986.227183330917, 80.18619, 2617.495747563951, 99.38401442307692
disco, 4920.578392365139, 98.66788, 2396.9886992287784, 123.046875
disco, 5006.06171149942, 101.74323, 2376.0247896611013, 107.666015625
disco, 5370.86048524507, 89.39314, 2650.733012326573, 107.666015625
disco, 5061.243667071491, 90.50209, 2590.895265318272, 123.046875
disco, 6405.67828043431, 69.97128, 3078.4715203424153, 135.99917763157896
disco, 5520.260613036543, 78.28395, 2565.721387688884, 112.34714673913044
disco, 4398.119267510151, 107.495964, 2108.2221109107227, 129.19921875
disco, 3815.532045297999, 124.19493, 1755.0626026809584, 89.10290948275862
disco, 4163.010995957801, 122.61794, 1937.51088284663, 117.45383522727273
disco, 4744.0410994598315, 104.138245, 2218.099825491157, 129.19921875
disco, 4829.1746913971865, 106.83238, 2280.0273192565046, 123.046875
disco, 4249.843262851653, 116.97426, 1974.5076873650016, 129.19921875
disco, 5583.144893779002, 87.6401, 2549.269756774819, 123.046875
disco, 4919.995513703596, 81.93319, 2387.679352105525, 107.666015625
disco, 5856.390083472303, 70.33154, 2583.5803998593105, 129.19921875
disco, 4947.807152697216, 93.94434, 2144.8670789271628, 123.046875
disco, 4363.138220979554, 105.61095, 1887.0062144326305, 129.19921875
disco, 5114.010839617169, 96.703575, 2492.5900128312974, 135.99917763157896
disco, 5183.456668720998, 92.46262, 2541.8943744344933, 99.38401442307692
disco, 6131.50048488254, 77.85465, 2956.079112286355, 107.666015625
disco, 4516.06060125435, 114.235756, 1931.0406859349837, 107.666015625
disco, 5184.522503987819, 97.613686, 2449.2386358180383, 107.666015625
disco, 6001.635119090777, 79.2504, 2809.0680167308506, 112.34714673913044
disco, 5470.108067629785, 67.26243, 2902.9084645115763, 135.99917763157896
disco, 5925.935834632395, 82.22649, 2847.3774256059246, 112.34714673913044
disco, 5546.0321767147625, 86.80334, 2648.809544128405, 112.34714673913044
disco, 5775.486525250145, 86.314156, 2690.503166212552, 135.99917763157896
disco, 4557.353391005656, 103.34938, 2251.7610160342965, 129.19921875
disco, 4945.325754966648, 97.001236, 2309.274600517877, 117.45383522727273
disco, 4882.1333812173725, 103.43044, 2218.89166415782, 129.19921875
disco, 5038.586340813515, 97.93247, 2292.343238495662, 123.046875
hiphop, 5475.470551315981, 84.780525, 2668.0004395576575, 117.45383522727273
hiphop, 5528.454221650232, 49.593636, 2808.925771808581, 92.28515625
hiphop, 3095.0940196309457, 132.37215, 1490.683575771141, 99.38401442307692
hiphop, 5125.735027552204, 80.84724, 2492.954722767297, 92.28515625
hiphop, 5060.011295044229, 71.62643, 2372.6884690482993, 95.703125
hiphop, 5794.946345707656, 81.97666, 2709.1715224983186, 143.5546875
hiphop, 6048.0988752537705, 63.92967, 2858.1926146109095, 99.38401442307692
hiphop, 4553.073396262326, 103.04962, 2047.1754195666026, 123.046875
hiphop, 5754.494566596578, 55.170074, 3070.837758466109, 172.265625
hiphop, 4792.170223227233, 94.2148, 2200.1104645288874, 103.359375
hiphop, 4663.012638667344, 94.84827, 2284.341189135125, 95.703125
hiphop, 4581.942543684745, 104.603294, 2095.4936844516546, 135.99917763157896
hiphop, 4277.396769866589, 112.4042, 1976.8724759558752, 99.38401442307692
hiphop, 3626.8209152044665, 141.7129, 1798.6768468891007, 103.359375
hiphop, 4774.86705381743, 91.1179, 2436.5700963303734, 135.99917763157896
hiphop, 5283.620203288138, 94.720695, 2397.144331633838, 99.38401442307692
hiphop, 4919.146176225348, 77.38236, 2432.633895056764, 99.38401442307692
hiphop, 4956.067376015081, 98.390625, 2145.045444983045, 99.38401442307692
hiphop, 5366.388973227233, 68.488365, 2677.2014312905194, 143.5546875
hiphop, 5255.716969076276, 88.22647, 2470.3099575217398, 135.99917763157896
hiphop, 5267.091429814385, 50.57139, 2678.1366851461185, 117.45383522727273
hiphop, 4987.576131090487, 94.36548, 2405.830496426096, 103.359375
hiphop, 4603.509054161833, 110.216705, 2025.6497618309727, 99.38401442307692
hiphop, 4728.4366050065255, 101.193695, 2240.2899872227676, 95.703125
hiphop, 4926.498774198811, 86.30365, 2517.7936351466747, 103.359375
hiphop, 4814.935798379495, 93.38643, 2305.154160219727, 107.666015625
hiphop, 7021.890286786841, 30.651878, 3460.24289862119, 103.359375
hiphop, 5633.429340662317, 76.75423, 2639.343177690068, 92.28515625
hiphop, 5745.168508011891, 67.73527, 2774.064292349821, 117.45383522727273
hiphop, 6389.138429974198, 57.15118, 3127.2664007991543, 123.046875
hiphop, 7642.421897658062, 43.71672, 3725.230349312218, 89.10290948275862
hiphop, 6779.025674825852, 60.825592, 3084.823804546642, 99.38401442307692
hiphop, 4529.893202670785, 90.56765, 2145.890945678912, 99.38401442307692
hiphop, 6169.817589393029, 59.70142, 2987.6879685185945, 99.38401442307692
hiphop, 6355.537277747845, 53.15753, 3191.9170162946484, 99.38401442307692
hiphop, 6197.057852909483, 64.227585, 2827.4503871683432, 112.34714673913044
hiphop, 5804.4461891867895, 40.829613, 2967.147962166956, 117.45383522727273
hiphop, 7074.1874001242895, 30.268179, 3785.438539628473, 143.5546875
hiphop, 4416.6801868785515, 72.13108, 2208.65791984026, 92.28515625
hiphop, 5976.55684037642, 77.27129, 2693.217660121341, 95.703125
hiphop, 5319.8186146129265, 95.955444, 2457.2400884546137, 161.4990234375
hiphop, 5555.2972412109375, 68.31946, 2702.6536727978196, 92.28515625
hiphop, 6007.0540549538355, 48.89044, 2896.950312515822, 92.28515625
hiphop, 3875.1690673828125, 113.06958, 1846.32383638541, 89.10290948275862
hiphop, 4457.421985973011, 79.90777, 2507.355264123504, 117.45383522727273
hiphop, 5976.55684037642, 77.27129, 2693.217660121341, 95.703125
hiphop, 5000.432768996519, 91.01366, 2306.8910596071332, 95.703125
hiphop, 7337.784528621664, 52.78695, 3235.5558089909523, 95.703125
hiphop, 5395.29142800174, 79.35381, 2345.299206046104, 95.703125
hiphop, 6683.5781725819315, 41.58716, 3085.556031555025, 135.99917763157896
hiphop, 3618.5440382105567, 110.12894, 1683.4272327515525, 99.38401442307692
hiphop, 5294.528361097013, 73.10555, 2500.467553526264, 107.666015625
hiphop, 5859.520974568591, 81.55766, 2595.994967867747, 103.359375
hiphop, 7003.6118651210845, 66.675064, 3079.2339737601815, 107.666015625
hiphop, 7619.44815155525, 64.03617, 3258.307248271105, 112.34714673913044
hiphop, 3552.329022259281, 104.06318, 1735.1780888053472, 107.666015625
hiphop, 5177.219867042489, 72.41138, 2355.838782301562, 99.38401442307692
hiphop, 3890.7900073412125, 87.05368, 1811.510320100113, 143.5546875
hiphop, 5211.751264319895, 63.054916, 2677.746993460678, 172.265625
hiphop, 4219.933260676479, 93.95369, 1949.4353476261645, 92.28515625
hiphop, 3685.6916600203017, 92.79628, 1717.3394378748421, 184.5703125
hiphop, 3806.439138177929, 95.79218, 1811.681664691942, 184.5703125
hiphop, 4929.937758301914, 73.39045, 2448.908553270967, 92.28515625
hiphop, 5320.449807859629, 71.11213, 2671.1443441180336, 95.703125
hiphop, 5273.794534422129, 69.9665, 2429.7567970045075, 86.1328125
hiphop, 5314.679309110354, 77.09097, 2447.017199907088, 95.703125
hiphop, 4816.043267836427, 89.09961, 2245.0676185562293, 92.28515625
hiphop, 6668.173522241154, 58.725624, 3053.843913876604, 95.703125
hiphop, 5683.4499845925175, 74.913, 2544.7011695771357, 95.703125
hiphop, 7079.552627882105, 36.266663, 3297.9029244411563, 129.19921875
hiphop, 6026.957033515806, 82.33733, 2500.4618224971823, 95.703125
hiphop, 7471.421952037413, 51.52047, 3185.160631320678, 95.703125
hiphop, 4003.2772621809745, 102.20693, 1821.46331961173, 99.38401442307692
hiphop, 5932.106021606729, 70.18442, 2566.9254687003345, 92.28515625
hiphop, 5968.685821037558, 62.395336, 2774.785858823798, 99.38401442307692
hiphop, 6336.75704212587, 51.67703, 3140.9185615259057, 92.28515625
hiphop, 4935.3418761782195, 89.93035, 2328.52633694279, 95.703125
hiphop, 6404.82061611804, 70.90157, 2987.5950110584854, 117.45383522727273
hiphop, 4935.3418761782195, 89.93035, 2328.52633694279, 95.703125
hiphop, 6310.635751250725, 62.312958, 3212.057081839573, 103.359375
jazz, 2799.366367278132, 137.90314, 1503.9322999254405, 123.046875
jazz, 2410.6862220852668, 146.97388, 1266.4884313587363, 135.99917763157896
jazz, 1895.8628076964908, 175.33954, 1064.7190883164446, 107.666015625
jazz, 1416.9114115066704, 193.07446, 813.4170141933301, 123.046875
jazz, 1837.7997661687934, 137.58981, 1039.4057429757265, 95.703125
jazz, 2486.5520433040892, 120.21053, 1268.2111446452, 107.666015625
jazz, 2416.473374510586, 142.74026, 1219.5124856006719, 135.99917763157896
jazz, 1958.322419699826, 137.69984, 1169.7729218908696, 99.38401442307692
jazz, 2724.341556699536, 134.4189, 1304.644766298671, 107.666015625
jazz, 1134.090358088022, 172.36177, 749.4465657215494, 112.34714673913044
jazz, 1554.3458730604698, 162.64056, 829.6061468763755, 112.34714673913044
jazz, 4011.2377193300463, 113.1928, 1825.7919934437014, 99.38401442307692
jazz, 3658.879241589327, 122.693375, 1650.9582872211786, 112.34714673913044
jazz, 4398.1775553763055, 112.63075, 1790.2436399601108, 151.99908088235293
jazz, 2019.0500493945765, 137.95386, 1171.8345898377142, 129.19921875
jazz, 3811.801621864124, 117.24072, 1782.220467473971, 117.45383522727273
jazz, 2822.465015951276, 123.19317, 1465.858099684535, 117.45383522727273
jazz, 4327.366124836862, 105.91353, 1934.3602751013964, 103.359375
jazz, 4248.252836789443, 105.56805, 1993.412986778348, 103.359375
jazz, 2713.250208454176, 129.0458, 1352.8857477220752, 123.046875
jazz, 2580.212317376015, 119.157196, 1171.3366948620223, 107.666015625
jazz, 5865.116609719403, 75.8943, 2915.2020776967365, 123.046875
jazz, 3047.4311987927786, 112.07628, 1451.8621242970437, 129.19921875
jazz, 4317.182401935905, 98.61235, 1988.7524361987278, 161.4990234375
jazz, 4342.462682170823, 105.849625, 2034.491720462784, 103.359375
jazz, 3806.189333037268, 108.312355, 1697.9171784792436, 103.359375
jazz, 2631.480659077726, 104.827614, 1367.435200194701, 123.046875
jazz, 3966.4393307714618, 108.99054, 1769.4282675269487, 143.5546875
jazz, 4031.4136478574537, 108.448845, 1854.1337840481792, 99.38401442307692
jazz, 4683.488333363544, 93.831406, 2235.2480118461262, 112.34714673913044
jazz, 3354.8497317285382, 115.67262, 1687.9309171434163, 117.45383522727273
jazz, 3733.795803273637, 115.94363, 1752.7248668089467, 112.34714673913044
jazz, 3252.079896860499, 121.930756, 1522.089431119844, 129.19921875
jazz, 2443.793730060905, 139.53577, 1169.4396755831438, 95.703125
jazz, 3574.320201475493, 118.19466, 1759.6144140848987, 99.38401442307692
jazz, 1608.811720562645, 182.52736, 844.1729949398201, 123.046875
jazz, 2657.4937010585845, 152.82791, 1481.581485296113, 123.046875
jazz, 2468.549419500435, 140.68791, 1276.6513099117199, 95.703125
jazz, 3216.3660885839618, 124.33756, 1554.348779839451, 151.99908088235293
jazz, 2723.742024361949, 146.8242, 1311.144563027034, 99.38401442307692
jazz, 2778.8906725819315, 147.75923, 1317.0269708114579, 103.359375
jazz, 3103.562413899362, 135.02339, 1617.409384435443, 95.703125
jazz, 2773.0951933185906, 141.81705, 1344.620126251233, 129.19921875
jazz, 3462.7322451421114, 111.66875, 1761.2131331366036, 151.99908088235293
jazz, 1811.2538065545243, 168.01538, 1004.7574201659102, 103.359375
jazz, 1763.0913754350347, 174.38911, 937.3823871861689, 123.046875
jazz, 2695.60563868547, 147.6004, 1295.2393474800779, 107.666015625
jazz, 4262.017100039879, 109.287796, 1981.982382184166, 103.359375
jazz, 3685.416874365574, 117.437454, 1748.3486883454464, 129.19921875
jazz, 4562.441089037123, 87.27495, 2049.705424466469, 123.046875
jazz, 5797.288135213589, 77.32104, 2486.0099199626684, 151.99908088235293
jazz, 2479.890572886456, 138.5347, 1193.6599936500752, 95.703125
jazz, 5243.550127456044, 82.66672, 2289.4808402193494, 107.666015625
jazz, 3646.755365429234, 110.755295, 1804.7976374158895, 99.38401442307692
jazz, 1632.701418847883, 180.59885, 871.7965368873743, 123.046875
jazz, 6860.818077674279, 65.09798, 2976.3136721854653, 123.046875
jazz, 2584.991922400667, 125.96372, 1378.6753716271073, 95.703125
jazz, 2722.1682519757833, 144.0196, 1545.8301777915788, 123.046875
jazz, 2913.9606228877096, 114.698, 1391.5959542659566, 107.666015625
jazz, 2730.2785922092517, 129.51292, 1427.9245373060999, 95.703125
jazz, 5469.5079601460575, 82.98356, 2455.008879715117, 172.265625
jazz, 3504.599586716937, 108.280045, 1725.6171874007612, 151.99908088235293
jazz, 5553.985987672018, 85.04832, 2481.5395079724226, 123.046875
jazz, 3339.64492550029, 125.992775, 1574.959956587146, 103.359375
jazz, 2754.5096908533933, 144.76729, 1337.777103820417, 99.38401442307692
jazz, 2967.9326156897046, 122.29463, 1579.597166735635, 129.19921875
jazz, 2830.3671852341936, 144.32109, 1353.9940370893112, 103.359375
jazz, 2833.0734075913574, 138.56189, 1382.8810942210137, 129.19921875
jazz, 3914.071846450841, 92.01376, 2011.3793005237949, 151.99908088235293
jazz, 1956.4655348209108, 155.84558, 1117.2614806332522, 103.359375
jazz, 1795.6992731293503, 170.41562, 971.5184947924256, 123.046875
jazz, 2751.88673687645, 145.7447, 1336.3546002724486, 107.666015625
jazz, 6414.7878412304235, 63.09341, 2967.826756749952, 112.34714673913044
jazz, 5136.026999347448, 79.08024, 2415.076791967096, 83.35433467741936
jazz, 6196.799548651392, 63.23094, 2902.237371028965, 103.359375
jazz, 3379.9718020410382, 110.678246, 1733.7356811346049, 117.45383522727273
jazz, 5813.698384933295, 64.53718, 2777.8434123208845, 135.99917763157896
jazz, 5155.861527515951, 70.87622, 2503.5410170407163, 161.4990234375
jazz, 5561.861495794664, 65.98095, 2634.043115077565, 107.666015625
metal, 6408.00146824246, 50.09013, 3274.50233695886, 95.703125
metal, 6037.132429578742, 64.840294, 2922.918811417647, 151.99908088235293
metal, 4447.472436466793, 115.17359, 2198.9192293914725, 112.34714673913044
metal, 5234.80827880293, 75.37249, 2752.2932207719223, 99.38401442307692
metal, 6902.990354462732, 47.66012, 3403.076270500999, 135.99917763157896
metal, 4952.087147440545, 93.465515, 2464.5835110221637, 151.99908088235293
metal, 6228.183401156468, 55.93842, 3237.0244682555635, 123.046875
metal, 5806.928665621374, 65.7679, 2939.593464244178, 151.99908088235293
metal, 6189.363682297709, 67.87112, 2966.002257865542, 117.45383522727273
metal, 5112.253876794519, 104.7562, 2250.8283209687615, 112.34714673913044
metal, 5663.032577762471, 70.53281, 3048.922050009819, 129.19921875
metal, 5157.318724169809, 82.828575, 2699.8589074887423, 112.34714673913044
metal, 5262.3867663319315, 74.51786, 2803.074835916438, 123.046875
metal, 5735.609297962587, 64.6441, 3047.617764168932, 135.99917763157896
metal, 5198.586533407048, 65.43348, 2877.541876665423, 151.99908088235293
metal, 5817.953399162558, 68.00133, 2986.8439274816583, 129.19921875
metal, 5129.681948774652, 79.78971, 2743.501897552695, 123.046875
metal, 5327.1529124673725, 81.87488, 2656.9415562858653, 107.666015625
metal, 3886.018729154582, 123.24473, 2291.710323082219, 99.38401442307692
metal, 5384.857899960121, 82.35881, 2699.3192596794, 112.34714673913044
metal, 5358.286959831787, 81.182755, 2657.9674957731663, 99.38401442307692
metal, 5734.984785110933, 61.76604, 3046.6375964393765, 107.666015625
metal, 4780.271171693736, 107.999084, 2218.825904089443, 135.99917763157896
metal, 5056.738847701567, 82.774704, 2575.3453604073156, 143.5546875
metal, 4950.005437935035, 94.1185, 2410.8778425688492, 112.34714673913044
metal, 4584.132502084542, 91.317215, 2384.6349581046015, 135.99917763157896
metal, 5186.379388866734, 71.761055, 2870.915156290069, 129.19921875
metal, 4866.162505891096, 94.80008, 2398.182089992335, 129.19921875
metal, 5346.429542488399, 84.013565, 2789.433630096566, 135.99917763157896
metal, 5928.192407736369, 73.85045, 2954.987188644721, 123.046875
metal, 3501.193909965922, 130.8787, 1525.819725147995, 129.19921875
metal, 5444.63627012036, 91.31737, 2566.91858339228, 135.99917763157896
metal, 4762.87640706569, 93.01313, 2502.977404109766, 117.45383522727273
metal, 4224.296523800029, 115.43363, 2030.4879168259456, 123.046875
metal, 5291.122684345998, 87.753716, 2707.0187382903923, 107.666015625
metal, 5615.31146905815, 78.02255, 2836.9908685116243, 117.45383522727273
metal, 5331.258043612239, 82.33942, 2685.678092352649, 143.5546875
metal, 4820.373223607889, 106.81736, 2292.5497866867986, 135.99917763157896
metal, 5088.622310487964, 62.294144, 2690.7078061431353, 95.703125
metal, 4449.612433838457, 102.13179, 2098.946281494044, 117.45383522727273
metal, 5083.10161687935, 80.08523, 2710.685063554155, 107.666015625
metal, 4186.5592938841355, 104.69321, 2269.1618713103626, 117.45383522727273
metal, 4549.026552983613, 89.861046, 2464.2908932653336, 129.19921875
metal, 4972.29638332004, 83.1775, 2683.2329169635404, 95.703125
metal, 5259.580621918503, 76.771484, 2760.0463294776237, 117.45383522727273
metal, 4449.812277950986, 93.3442, 2390.3250702324603, 123.046875
metal, 5455.111432352088, 79.70758, 2795.326985913034, 117.45383522727273
metal, 5405.816551261601, 72.68616, 2908.3001309605806, 103.359375
metal, 5484.788283062645, 76.35295, 2889.070230029977, 107.666015625
metal, 5461.947766368185, 74.12789, 2980.0365062158285, 99.38401442307692
metal, 5628.376277914733, 71.18601, 2986.810443330355, 112.34714673913044
metal, 6163.292352450696, 54.68124, 3400.8644228665353, 107.666015625
metal, 5123.145380927349, 83.2709, 2716.919668513006, 151.99908088235293
metal, 5518.770109030597, 75.08444, 2906.6272868814203, 123.046875
metal, 5829.252918358468, 66.66129, 3113.773135146241, 123.046875
metal, 5699.254323158352, 63.716393, 3108.521763898349, 112.34714673913044
metal, 5633.4556491081785, 69.42064, 3010.922425177517, 107.666015625
metal, 5228.837935941126, 77.5327, 2718.6937188160364, 129.19921875
metal, 5024.347447795823, 100.08496, 2459.5208919140086, 143.5546875
metal, 4728.594814928944, 99.14236, 2442.504289617461, 99.38401442307692
metal, 4615.882735462587, 105.85012, 2315.2761541025193, 89.10290948275862
metal, 5083.10161687935, 80.08523, 2710.685063554155, 107.666015625
metal, 4186.5592938841355, 104.69321, 2269.1618713103626, 117.45383522727273
metal, 4549.026552983613, 89.861046, 2464.2908932653336, 129.19921875
metal, 4972.29638332004, 83.1775, 2683.2329169635404, 95.703125
metal, 5259.580621918503, 76.771484, 2760.0463294776237, 117.45383522727273
metal, 4449.812277950986, 93.3442, 2390.3250702324603, 123.046875
metal, 4381.532206170244, 97.34172, 2254.6069861040164, 135.99917763157896
metal, 4598.9875811158645, 106.37162, 2302.533109168331, 161.4990234375
metal, 4109.827481511021, 111.15006, 1740.9312223433863, 161.4990234375
metal, 5626.144685324826, 74.13584, 2743.073339684432, 117.45383522727273
metal, 5673.857467191126, 80.88359, 2807.8057561673, 86.1328125
metal, 4708.18573493692, 93.94743, 2339.892746513448, 123.046875
metal, 5567.132384262616, 77.063034, 2642.0924576803404, 143.5546875
metal, 5496.87885187065, 76.78211, 2725.3111027767286, 123.046875
metal, 4439.486998803654, 105.29485, 2068.483409912678, 112.34714673913044
metal, 5321.340779527987, 76.13688, 2792.6082415451833, 143.5546875
metal, 5408.697637217228, 86.99415, 2740.9191494780016, 151.99908088235293
metal, 5897.1582824282195, 73.40456, 2814.947126588473, 99.38401442307692
metal, 5323.439142709542, 79.12138, 2710.4946367774082, 123.046875
pop, 7953.037936394287, 55.67104, 3422.0718638777685, 135.99917763157896
pop, 8072.9693844257545, 45.31407, 3702.062802894826, 107.666015625
pop, 7424.267068318591, 62.97368, 3214.01967827975, 129.19921875
pop, 3671.361171784368, 126.59248, 1837.4928259861476, 92.28515625
pop, 5986.838327925609, 83.24618, 2753.2347231451085, 107.666015625
pop, 4748.687475076131, 90.01779, 2290.14021271062, 112.34714673913044
pop, 4978.558165512616, 94.64907, 2125.387814463357, 92.28515625
pop, 4125.7567226471865, 107.35062, 1967.744332450365, 129.19921875
pop, 6428.876851163718, 74.03342, 2884.9162662284352, 172.265625
pop, 6952.518387017836, 61.266712, 3279.5319127248636, 107.666015625
pop, 4189.7318191705335, 103.16529, 1900.384454029494, 107.666015625
pop, 4626.45781975058, 97.13303, 2200.3688928202637, 123.046875
pop, 5533.5918807098315, 80.23307, 2679.229420619229, 99.38401442307692
pop, 5224.7411316342805, 85.575264, 2150.030333919017, 143.5546875
pop, 4139.121297672564, 107.812935, 1997.9152625255454, 117.45383522727273
pop, 7020.323829031323, 65.26662, 3207.617470903022, 103.359375
pop, 7496.760520138486, 51.834522, 3488.897943286259, 112.34714673913044
pop, 6113.039884987674, 78.3142, 2789.3877172068255, 112.34714673913044
pop, 7932.862007866879, 62.627907, 3433.9852325067322, 123.046875
pop, 6553.363079593242, 70.808525, 3131.3254325021653, 92.28515625
pop, 7442.561131453016, 58.23463, 3486.4421684913805, 107.666015625
pop, 7199.7089005401685, 53.828785, 3501.7665177124118, 99.38401442307692
pop, 7019.799238235933, 65.273964, 3206.647958001011, 103.359375
pop, 7853.9235834179235, 51.353466, 3758.7805887809614, 103.359375
pop, 7301.5711100638055, 61.539993, 3301.0929850079233, 117.45383522727273
pop, 6815.933262942285, 81.033424, 2927.9899764980723, 151.99908088235293
pop, 5552.801896026682, 97.49157, 2525.5919589591927, 151.99908088235293
pop, 5956.0789882721865, 83.35071, 2682.2841409756757, 83.35433467741936
pop, 6654.684044645446, 74.72908, 2945.9657785971135, 99.38401442307692
pop, 6919.161073901537, 73.49026, 2988.4872553900304, 161.4990234375
pop, 6653.076964907193, 72.28313, 3070.672740776136, 95.703125
pop, 6744.988602994489, 71.32566, 3110.8981962269786, 95.703125
pop, 8483.38257685615, 41.597984, 4225.461048306688, 95.703125
pop, 5944.9793131888055, 73.7614, 2835.1193752816057, 99.38401442307692
pop, 7236.996481202871, 77.30153, 3141.575395070785, 95.703125
pop, 6993.553044790458, 68.961525, 3194.0815505953037, 107.666015625
pop, 6878.242991861224, 76.18005, 2944.414729189786, 99.38401442307692
pop, 6701.355971758991, 64.47057, 3237.8331637065016, 103.359375
pop, 6921.259437083092, 59.259125, 3267.766911666797, 92.28515625
pop, 8525.399801515372, 51.93026, 3934.6761086207894, 83.35433467741936
pop, 3820.6530506815543, 113.30772, 1962.10174151712, 129.19921875
pop, 4506.518044881091, 101.62684, 2053.421991383234, 107.666015625
pop, 6442.932553744925, 68.89868, 3001.3998390078727, 92.28515625
pop, 5775.678042524652, 68.05084, 2702.9067305248905, 135.99917763157896
pop, 6691.938317956062, 54.1544, 3145.363680952142, 117.45383522727273
pop, 6481.061145047854, 81.1083, 2843.3506413882114, 117.45383522727273
pop, 6486.948219529438, 81.281204, 2838.5120944344094, 117.45383522727273
pop, 7293.569018724623, 69.7547, 3151.3426232441357, 112.34714673913044
pop, 8382.994217662414, 47.784134, 4052.736284626131, 129.19921875
pop, 4267.096471233323, 105.89472, 1988.190131263531, 117.45383522727273
pop, 6630.777692684164, 65.98365, 3046.523748324695, 143.5546875
pop, 8677.730976290602, 44.35686, 4157.988001710874, 112.34714673913044
pop, 7777.549825079756, 35.581352, 3663.396966933648, 103.359375
pop, 5625.495191959107, 62.57327, 2638.945071813565, 129.19921875
pop, 7662.173157446346, 55.891518, 3497.720405933398, 129.19921875
pop, 8260.423161977958, 36.4485, 3941.417696318185, 103.359375
pop, 7568.646112782772, 35.971542, 3682.7414342574343, 89.10290948275862
pop, 7783.88654881453, 33.950104, 3672.8534749746746, 103.359375
pop, 5748.815663065545, 64.35611, 2939.0735059732497, 99.38401442307692
pop, 7635.0859533606435, 32.373634, 3728.3891590040334, 89.10290948275862
pop, 7662.173157446346, 55.891518, 3497.720405933398, 129.19921875
pop, 6068.40803318953, 65.454155, 2949.6800647860855, 95.703125
pop, 5480.674825079756, 68.913506, 2467.9251572056874, 107.666015625
pop, 3795.9306685941124, 117.34161, 1826.4363763466288, 123.046875
pop, 7113.759278476653, 34.34531, 3647.914740974154, 129.19921875
pop, 5497.911379785382, 85.56209, 2519.3455234656853, 117.45383522727273
pop, 6841.255177367314, 79.03119, 2844.9380068612104, 107.666015625
pop, 8055.1083168684745, 37.49237, 3889.1427979836844, 112.34714673913044
pop, 6715.594864776682, 53.877113, 3262.9888381783744, 129.19921875
pop, 4929.812855731583, 88.46916, 2327.3042883656067, 107.666015625
pop, 6826.525000906323, 56.67706, 3142.6674697923404, 123.046875
pop, 8055.1083168684745, 37.49237, 3889.1427979836844, 112.34714673913044
pop, 5349.868526591502, 88.86886, 2568.447243315681, 117.45383522727273
pop, 7876.372738725348, 54.295788, 3669.810466570258, 129.19921875
pop, 7790.464750851943, 59.69202, 3420.362078342947, 83.35433467741936
pop, 7658.242889899942, 40.489044, 3644.7182707334355, 95.703125
pop, 7779.922973916038, 47.846977, 3543.3211015342667, 143.5546875
pop, 8331.018094728828, 40.406387, 4036.598130555536, 112.34714673913044
pop, 6616.363936068011, 62.83609, 3123.159015699048, 103.359375
pop, 4383.364110535093, 103.15287, 1995.1863128060938, 112.34714673913044
reggae, 4801.404686593677, 104.85739, 2133.3521515473035, 123.046875
reggae, 3574.7781775667054, 127.41596, 1638.9307245186242, 151.99908088235293
reggae, 3925.263116752465, 110.86749, 1796.8948919886877, 103.359375
reggae, 4154.2594891966355, 104.146736, 1923.603059591631, 151.99908088235293
reggae, 4304.875335339327, 104.87788, 2009.762594680229, 123.046875
reggae, 3796.5385277697214, 116.84069, 1798.3807585425816, 151.99908088235293
reggae, 2880.3365402044665, 134.70505, 1417.957488637926, 151.99908088235293
reggae, 3768.9933475928074, 116.4957, 1754.1768111795132, 151.99908088235293
reggae, 3656.0647703378772, 118.60043, 1691.338555436707, 95.703125
reggae, 3270.9318581424013, 131.2295, 1609.8372860104514, 161.4990234375
reggae, 4426.5970535455335, 87.52444, 2149.1587886569287, 117.45383522727273
reggae, 4557.769732906758, 102.408325, 1995.2769651140734, 123.046875
reggae, 4920.853178019866, 96.34123, 2300.0428803814098, 129.19921875
reggae, 3436.710876323231, 122.598175, 1608.5066742460235, 123.046875
reggae, 3790.5515312318735, 105.26066, 1716.0497964664387, 129.19921875
reggae, 4492.270825025377, 109.850296, 1923.1216152231768, 129.19921875
reggae, 4853.047736006381, 101.112076, 2118.551041160394, 143.5546875
reggae, 3779.060494761456, 110.02115, 1803.9538105585716, 129.19921875
reggae, 4220.649368746374, 107.73833, 1907.6056942036873, 151.99908088235293
reggae, 3840.3376957656615, 106.214096, 1754.0198285353754, 143.5546875
reggae, 3595.620253135876, 113.62593, 1637.6883378852463, 129.19921875
reggae, 4323.369242586282, 109.439316, 2006.8493639042415, 151.99908088235293
reggae, 4553.198298832656, 98.79366, 2059.02477480452, 151.99908088235293
reggae, 5050.202279854263, 78.69161, 2354.8865441845633, 129.19921875
reggae, 3854.8513744380803, 110.46, 1811.4103936654164, 135.99917763157896
reggae, 3582.5804247933584, 110.989265, 1708.9705332649312, 123.046875
reggae, 4007.2907981075987, 99.35643, 1840.8628555568264, 135.99917763157896
reggae, 4678.8586114232885, 89.96064, 2086.391662520049, 135.99917763157896
reggae, 3497.346910799739, 104.23237, 1640.7106468821476, 151.99908088235293
reggae, 3735.8608591031034, 111.10007, 1585.361927340042, 151.99908088235293
reggae, 4069.00099468895, 98.96103, 1814.1339363070715, 151.99908088235293
reggae, 3541.995416273927, 103.31864, 1579.8511126280443, 161.4990234375
reggae, 3319.1775576421114, 123.33697, 1510.7924591573858, 151.99908088235293
reggae, 3560.6641871193447, 111.5012, 1615.8305954532227, 117.45383522727273
reggae, 2827.5527139827436, 132.3233, 1291.4990686418096, 184.5703125
reggae, 3786.1216534041473, 114.23247, 1699.3251213149977, 107.666015625
reggae, 4119.003657011311, 91.689575, 1811.1579026505945, 86.1328125
reggae, 3838.08944949971, 98.31112, 1709.737126203655, 151.99908088235293
reggae, 3693.693751359484, 108.75726, 1701.0178296815602, 95.703125
reggae, 2648.3175255582946, 99.252045, 1312.5009449202737, 151.99908088235293
reggae, 3839.0303821962007, 93.16974, 2032.5080275306436, 92.28515625
reggae, 4120.219375362529, 89.655815, 1930.4048085685063, 143.5546875
reggae, 5047.412789116879, 79.32584, 2479.991063724072, 123.046875
reggae, 2775.1852296621228, 142.70457, 1484.7799129182074, 151.99908088235293
reggae, 5584.577109918793, 83.90962, 2455.426131281741, 172.265625
reggae, 7925.459448865284, 16.420616, 4281.984674096292, 161.4990234375
reggae, 5227.597237075841, 79.51624, 2322.2154852399008, 172.265625
reggae, 4759.937033243909, 69.64921, 2478.0490603630687, 143.5546875
reggae, 5608.450154527987, 66.21, 2673.223822306729, 89.10290948275862
reggae, 5450.573305630075, 89.58558, 2322.240523866596, 95.703125
reggae, 5869.496526518997, 66.42009, 2955.030353182864, 95.703125
reggae, 7674.580146099188, -1.4715775, 4274.292786512983, 129.19921875
reggae, 7286.299689131381, 60.93964, 3289.1034005754636, 99.38401442307692
reggae, 4159.813490157338, 105.8357, 2004.6584158276357, 151.99908088235293
reggae, 5477.693817067865, 83.503174, 2542.483268553463, 151.99908088235293
reggae, 5595.360365157338, 84.30335, 2525.5469562709054, 129.19921875
reggae, 4658.516146135441, 98.50553, 2173.8734628702273, 151.99908088235293
reggae, 4773.88448693083, 98.32117, 2169.6559456996456, 95.703125
reggae, 5698.113546349333, 83.94522, 2631.1187832454702, 123.046875
reggae, 5699.20436213022, 80.19957, 2671.481384342479, 151.99908088235293
reggae, 4791.645632431844, 77.235374, 2395.5102135646594, 112.34714673913044
reggae, 6474.557884552639, 57.996204, 3123.715745645115, 92.28515625
reggae, 4785.22564031685, 80.639626, 2112.968318838473, 151.99908088235293
reggae, 3940.2847325442285, 109.539154, 1910.8838166956766, 92.28515625
reggae, 6975.225674303944, 54.365875, 3094.4494679187587, 172.265625
reggae, 4365.952692231003, 97.88381, 2081.187059476721, 89.10290948275862
reggae, 3258.641445221868, 120.109085, 1629.2960017192215, 161.4990234375
reggae, 3519.6045488326567, 117.10544, 1728.9380569839393, 161.4990234375
reggae, 4381.024269050899, 83.05221, 2104.695061638517, 135.99917763157896
reggae, 5286.859343278712, 83.64267, 2460.5870773027177, 143.5546875
reggae, 5005.570428056119, 75.6045, 2288.627178100081, 172.265625
reggae, 6393.12140869707, 44.183735, 3109.7327645271375, 143.5546875
reggae, 6574.88795588022, 68.1341, 3089.7484730911488, 112.34714673913044
reggae, 5073.059450224768, 88.01672, 2152.9019278799587, 172.265625
reggae, 5063.999850456787, 88.19102, 2148.49442922645, 172.265625
reggae, 4847.385486151392, 88.242676, 2481.5194522237502, 143.5546875
reggae, 5054.457294083527, 76.071304, 2456.3701094702765, 161.4990234375
reggae, 3821.7855006525524, 105.13033, 1778.172233591523, 143.5546875
reggae, 4680.049349260441, 78.04632, 2316.9096279606247, 161.4990234375
reggae, 5293.021203415024, 57.045925, 3002.6481938382785, 151.99908088235293
rock, 4227.868737311485, 109.25263, 1996.329188697747, 123.046875
rock, 3271.448122099768, 134.15211, 1529.2908080956652, 151.99908088235293
rock, 3929.4931504676624, 117.5898, 1875.1802164622393, 107.666015625
rock, 3042.7015547962587, 130.7242, 1421.3550411262565, 95.703125
rock, 2939.1573239921695, 134.44084, 1345.841383418405, 103.359375
rock, 2869.7864364305397, 153.7904, 1542.1092953993345, 99.38401442307692
rock, 3255.327363689095, 136.57487, 1676.1460477207688, 112.34714673913044
rock, 2675.912666763341, 149.30049, 1282.1973339054578, 89.10290948275862
rock, 3362.1523686738688, 138.44057, 1717.0993092104313, 123.046875
rock, 2367.3450301805397, 154.00502, 1181.326607089661, 151.99908088235293
rock, 4191.671972429669, 114.95368, 1857.97259864943, 161.4990234375
rock, 3416.651523528132, 119.105644, 1537.4684493421887, 117.45383522727273
rock, 3986.232224749855, 106.97547, 1863.7644718857396, 112.34714673913044
rock, 3826.665027733469, 95.75193, 1597.5180157344764, 123.046875
rock, 3985.824209686775, 103.12504, 1937.0023676443107, 117.45383522727273
rock, 4500.064745414008, 90.93342, 2335.5199316347857, 135.99917763157896
rock, 5024.347447795823, 100.08496, 2459.5208919140086, 143.5546875
rock, 4528.392648364994, 105.41008, 2312.0661578932613, 123.046875
rock, 4593.891556246374, 109.12802, 2209.1820036909885, 117.45383522727273
rock, 4701.357727758846, 102.34356, 2321.1497598885144, 123.046875
rock, 4431.917903041618, 115.221, 2188.057530674935, 99.38401442307692
rock, 4245.813073248985, 114.42699, 2158.1594853409792, 129.19921875
rock, 4595.4403481184745, 106.50068, 2342.4462721453447, 99.38401442307692
rock, 4847.935057460847, 105.4332, 2294.7279252035287, 151.99908088235293
rock, 4466.440973481003, 99.70796, 2320.3950808692307, 151.99908088235293
rock, 4735.123055938225, 95.77823, 2510.07314252411, 103.359375
rock, 4603.001117042489, 106.57721, 2263.2031093260816, 112.34714673913044
rock, 5445.8670695868805, 74.88169, 2669.3593345236, 151.99908088235293
rock, 4095.472012761021, 101.83766, 2046.8578301908997, 135.99917763157896
rock, 5173.572711988834, 85.04793, 2445.1189674157067, 123.046875
rock, 6333.584516839473, 67.74452, 2944.617225098909, 117.45383522727273
rock, 5302.99675536543, 81.389336, 2639.1039096273103, 117.45383522727273
rock, 4728.642093571088, 85.88428, 2344.5259235128556, 92.28515625
rock, 3431.789715052204, 128.89801, 1674.1340437310519, 117.45383522727273
rock, 5832.197276824111, 65.66149, 2788.3693356571966, 135.99917763157896
rock, 4271.110007159948, 109.49398, 1867.4143288199461, 129.19921875
rock, 5897.606074892241, 72.35004, 2850.236430403512, 135.99917763157896
rock, 5047.29621338457, 79.458374, 2626.8195142103973, 129.19921875
rock, 5862.422884064193, 67.15309, 2794.963091628599, 135.99917763157896
rock, 5447.017745794664, 86.40166, 2559.166384767367, 143.5546875
rock, 6131.283987093968, 61.28031, 3010.0558252943074, 112.34714673913044
rock, 5677.17987556192, 73.69067, 2806.872615958848, 117.45383522727273
rock, 5878.15643806192, 76.735054, 2794.8199158537072, 161.4990234375
rock, 5326.7365705662705, 75.87379, 2739.501165243808, 89.10290948275862
rock, 3455.7460280416185, 130.25537, 1651.7562246177304, 92.28515625
rock, 3243.286755909223, 142.76349, 1561.4111067130552, 151.99908088235293
rock, 5035.572025449536, 91.50623, 2429.0679000761247, 103.359375
rock, 5962.265828922564, 62.513268, 2997.8538382881115, 107.666015625
rock, 3184.299435361079, 137.46744, 1646.6359257324248, 129.19921875
rock, 4496.092843677494, 116.13788, 2078.0554239577727, 112.34714673913044
rock, 3811.3186652588456, 118.46496, 1721.1466519043972, 123.046875
rock, 6732.748151102088, 66.77525, 3031.127685864391, 89.10290948275862
rock, 4462.893740483613, 103.43169, 2186.669241082053, 129.19921875
rock, 6920.343484900667, 52.608704, 3361.7679741880775, 117.45383522727273
rock, 5309.982972465922, 75.62815, 2632.272033619275, 107.666015625
rock, 3618.4024819641822, 129.96863, 1712.2893709831192, 129.19921875
rock, 6717.260232381091, 59.537727, 3303.2031125307344, 135.99917763157896
rock, 7659.9582185324825, 64.91177, 3488.5019910192823, 123.046875
rock, 5499.360249601218, 96.975395, 2438.175192954676, 123.046875
rock, 5644.713534113979, 94.37081, 2424.519698838249, 117.45383522727273
rock, 6203.061330843968, 83.51688, 2796.584436106161, 89.10290948275862
rock, 4688.517743528857, 98.43583, 2072.154517807153, 123.046875
rock, 6983.236092481148, 65.78227, 2946.6326071058666, 123.046875
rock, 3491.7013146207946, 116.21838, 1711.1692946901107, 123.046875
rock, 4689.725135042054, 104.436676, 2181.338268438534, 151.99908088235293
rock, 4730.226875181264, 103.813416, 2294.2297351535613, 123.046875
rock, 4575.022941288428, 95.093445, 2209.486739749316, 151.99908088235293
rock, 5213.041924213312, 94.75338, 2414.1618650276037, 103.359375
rock, 5402.8105627356435, 91.73827, 2467.2607802086277, 123.046875
rock, 5364.140726961282, 85.4117, 2568.395445802274, 172.265625
rock, 5129.615334070476, 75.23143, 2511.714306230509, 112.34714673913044
rock, 4570.99275168576, 109.9367, 2025.0641305486586, 112.34714673913044
rock, 4359.765851580626, 112.45124, 1933.3373461978688, 103.359375
rock, 4917.48080862094, 103.5662, 2223.969176505625, 95.703125
rock, 4831.456245015226, 103.90498, 2140.28308737102, 112.34714673913044
rock, 5092.044640915024, 94.94122, 2301.7700377608585, 117.45383522727273
rock, 3580.332178527407, 124.679184, 1659.5913676702992, 95.703125
rock, 4993.8046059309745, 101.90469, 2187.9366584276518, 107.666015625
rock, 4285.490456424014, 111.02361, 1877.9683471767146, 99.38401442307692
rock, 4479.280957710992, 112.11608, 2148.4009185393675, 123.046875
